{"orgno": 5560010950, "company_name": "Munkedal Skog AB", "phone_number": "0524-17000", "sni_code": 2101, "sni_text": "Skogs\u00e4gare", "accounts": [{"date_from": "2012-01-01", "date_to": "2012-12-31", "profit_margin_percent": 46.45, "net_operating_income": 29208}, {"date_from": "2013-01-01", "date_to": "2013-12-31", "profit_margin_percent": 31.36, "net_operating_income": 23990}, {"date_from": "2014-01-01", "date_to": "2014-12-31", "profit_margin_percent": 46.68, "net_operating_income": 30055}, {"date_from": "2015-01-01", "date_to": "2015-12-31", "profit_margin_percent": 57.07, "net_operating_income": 41207}, {"date_from": "2016-01-01", "date_to": "2016-12-31", "profit_margin_percent": 52.53, "net_operating_income": 41531}]}