{"orgno": 5560001538, "company_name": "Lantm\u00e4nnen Reppe AB", "phone_number": "010-5561540", "sni_code": 10620, "sni_text": "St\u00e4rkelseindustri", "accounts": [{"date_from": "2012-01-01", "date_to": "2012-12-31", "profit_margin_percent": 2.02, "net_operating_income": 406784}, {"date_from": "2013-01-01", "date_to": "2013-12-31", "profit_margin_percent": -0.35, "net_operating_income": 415728}, {"date_from": "2014-01-01", "date_to": "2014-12-31", "profit_margin_percent": 5.66, "net_operating_income": 429948}, {"date_from": "2015-01-01", "date_to": "2015-12-31", "profit_margin_percent": 8.5, "net_operating_income": 477997}, {"date_from": "2016-01-01", "date_to": "2016-12-31", "profit_margin_percent": 9.18, "net_operating_income": 468700}]}