{"orgno": 5560002221, "company_name": "Nordic Paper Seffle AB", "phone_number": "0533-82000", "sni_code": 17129, "sni_text": "\u00d6vrig pappers- och pappindustri", "accounts": [{"date_from": "2012-01-01", "date_to": "2012-12-31", "profit_margin_percent": -5.56, "net_operating_income": 430669}, {"date_from": "2013-01-01", "date_to": "2013-12-31", "profit_margin_percent": 2.91, "net_operating_income": 956023}, {"date_from": "2014-01-01", "date_to": "2014-12-31", "profit_margin_percent": 1.54, "net_operating_income": 1129511}, {"date_from": "2015-01-01", "date_to": "2015-12-31", "profit_margin_percent": 7.05, "net_operating_income": 1261276}, {"date_from": "2016-01-01", "date_to": "2016-12-31", "profit_margin_percent": 5.79, "net_operating_income": 1303014}]}