{"orgno": 5560017047, "company_name": "MittMedia Fastigheter i \u00d6stersund AB", "phone_number": "063-161600", "sni_code": 68203, "sni_text": "\"Fastighetsbolag. andra lokaler\"", "accounts": [{"date_from": "2012-01-01", "date_to": "2012-12-31", "profit_margin_percent": 14.29, "net_operating_income": 110810}, {"date_from": "2013-01-01", "date_to": "2013-12-31", "profit_margin_percent": 36.4, "net_operating_income": 3396}, {"date_from": "2014-01-01", "date_to": "2014-12-31", "profit_margin_percent": 68.45, "net_operating_income": 3826}, {"date_from": "2015-01-01", "date_to": "2015-12-31", "profit_margin_percent": 55.56, "net_operating_income": 3769}, {"date_from": "2016-01-01", "date_to": "2016-12-31", "profit_margin_percent": 47.31, "net_operating_income": 3866}]}