{"orgno": 5560005331, "company_name": "Husqvarna Aktiebolag", "phone_number": "036-146500", "sni_code": 28240, "sni_text": "Industri f\u00f6r motordrivna handverktyg", "accounts": [{"date_from": "2012-01-01", "date_to": "2012-12-31", "profit_margin_percent": 3.44, "net_operating_income": 10591000}, {"date_from": "2013-01-01", "date_to": "2013-12-31", "profit_margin_percent": 5.45, "net_operating_income": 10443000}, {"date_from": "2014-01-01", "date_to": "2014-12-31", "profit_margin_percent": 7.13, "net_operating_income": 11453000}, {"date_from": "2015-01-01", "date_to": "2015-12-31", "profit_margin_percent": 12.94, "net_operating_income": 12763000}, {"date_from": "2016-01-01", "date_to": "2016-12-31", "profit_margin_percent": 16.91, "net_operating_income": 14232000}]}