{"orgno": 5560008038, "company_name": "Fastighetsaktiebolaget Skeppsbron", "phone_number": "08-4428484", "sni_code": 68203, "sni_text": "\"Fastighetsbolag. andra lokaler\"", "accounts": [{"date_from": "2012-01-01", "date_to": "2012-12-31", "profit_margin_percent": 66.86, "net_operating_income": 3494}, {"date_from": "2013-01-01", "date_to": "2013-12-31", "profit_margin_percent": 52.92, "net_operating_income": 3702}, {"date_from": "2014-01-01", "date_to": "2014-12-31", "profit_margin_percent": 64.39, "net_operating_income": 3735}, {"date_from": "2015-01-01", "date_to": "2015-12-31", "profit_margin_percent": 68.07, "net_operating_income": 4081}, {"date_from": "2016-01-01", "date_to": "2016-12-31", "profit_margin_percent": 72.15, "net_operating_income": 4772}]}