{"orgno": 5560000241, "company_name": "Ahlmark Lines Aktiebolag", "phone_number": "054-149700", "sni_code": 50201, "sni_text": "\"Havs- och kustsj\u00f6fartsrederier. regulj\u00e4r godstrafik\"", "accounts": [{"date_from": "2012-01-01", "date_to": "2012-12-31", "profit_margin_percent": 2.97, "net_operating_income": 198965}, {"date_from": "2013-01-01", "date_to": "2013-12-31", "profit_margin_percent": 3.05, "net_operating_income": 203341}, {"date_from": "2014-01-01", "date_to": "2014-12-31", "profit_margin_percent": -1.86, "net_operating_income": 196387}, {"date_from": "2015-01-01", "date_to": "2015-12-31", "profit_margin_percent": -5.38, "net_operating_income": 197481}, {"date_from": "2016-01-01", "date_to": "2016-12-31", "profit_margin_percent": -1.89, "net_operating_income": 199631}]}