{"orgno": 5560016064, "company_name": "J\u00e4mtkraft Aktiebolag", "phone_number": "063-149000", "sni_code": 35110, "sni_text": "Elverk", "accounts": [{"date_from": "2012-01-01", "date_to": "2012-12-31", "profit_margin_percent": 29.96, "net_operating_income": 1347316}, {"date_from": "2013-01-01", "date_to": "2013-12-31", "profit_margin_percent": 24.6, "net_operating_income": 1227292}, {"date_from": "2014-01-01", "date_to": "2014-12-31", "profit_margin_percent": 19.79, "net_operating_income": 1507587}, {"date_from": "2015-01-01", "date_to": "2015-12-31", "profit_margin_percent": 25.15, "net_operating_income": 1333889}, {"date_from": "2016-01-01", "date_to": "2016-12-31", "profit_margin_percent": 14.25, "net_operating_income": 1847310}]}