{"orgno": 5560005158, "company_name": "Stensj\u00f6n Kraft AB", "phone_number": "0645-33050", "sni_code": 35110, "sni_text": "Elverk", "accounts": [{"date_from": "2012-01-01", "date_to": "2012-12-31", "profit_margin_percent": 11.43, "net_operating_income": 34047}, {"date_from": "2013-01-01", "date_to": "2013-12-31", "profit_margin_percent": 9.44, "net_operating_income": 43158}, {"date_from": "2014-01-01", "date_to": "2014-12-31", "profit_margin_percent": 17.19, "net_operating_income": 41698}, {"date_from": "2015-01-01", "date_to": "2015-12-31", "profit_margin_percent": 11.29, "net_operating_income": 41434}, {"date_from": "2016-01-01", "date_to": "2016-12-31", "profit_margin_percent": 12.04, "net_operating_income": 39443}]}