{"orgno": 5560013327, "company_name": "Forbo Project Vinyl Aktiebolag", "phone_number": "031-892000", "sni_code": 22230, "sni_text": "Byggplastvaruindustri", "accounts": [{"date_from": "2012-01-01", "date_to": "2012-12-31", "profit_margin_percent": 0.0, "net_operating_income": 0}, {"date_from": "2013-01-01", "date_to": "2013-12-31", "profit_margin_percent": 0.0, "net_operating_income": 0}, {"date_from": "2014-01-01", "date_to": "2014-12-31", "profit_margin_percent": 100.0, "net_operating_income": 2433}, {"date_from": "2015-01-01", "date_to": "2015-12-31", "profit_margin_percent": 0.0, "net_operating_income": 0}, {"date_from": "2016-01-01", "date_to": "2016-12-31", "profit_margin_percent": -202.1, "net_operating_income": 572}]}