{"orgno": 5560001991, "company_name": "Bengtsfors Kraft- och industri Aktiebolag", "phone_number": "0531-10895", "sni_code": 35110, "sni_text": "Elverk", "accounts": [{"date_from": "2012-01-01", "date_to": "2012-12-31", "profit_margin_percent": 45.18, "net_operating_income": 3103}, {"date_from": "2013-01-01", "date_to": "2013-12-31", "profit_margin_percent": 31.66, "net_operating_income": 2543}, {"date_from": "2014-01-01", "date_to": "2014-12-31", "profit_margin_percent": 38.83, "net_operating_income": 2323}, {"date_from": "2015-01-01", "date_to": "2015-12-31", "profit_margin_percent": 87.95, "net_operating_income": 5726}, {"date_from": "2016-01-01", "date_to": "2016-12-31", "profit_margin_percent": -538.78, "net_operating_income": 49}]}