{"orgno": 5560000043, "company_name": "Aktiebolaget Gense", "phone_number": "016-159000", "sni_code": 32120, "sni_text": "Industri f\u00f6r smycken och andra guld- och silversmedsvaror", "accounts": [{"date_from": "2012-01-01", "date_to": "2012-12-31", "profit_margin_percent": -1.41, "net_operating_income": 68678}, {"date_from": "2013-01-01", "date_to": "2013-12-31", "profit_margin_percent": -1.85, "net_operating_income": 64439}, {"date_from": "2014-01-01", "date_to": "2014-12-31", "profit_margin_percent": 4.0, "net_operating_income": 69875}, {"date_from": "2015-01-01", "date_to": "2015-12-31", "profit_margin_percent": 3.16, "net_operating_income": 74289}, {"date_from": "2016-01-01", "date_to": "2016-12-31", "profit_margin_percent": -24.1, "net_operating_income": 57763}]}