{"orgno": 5560016882, "company_name": "Eskilstuna Energi & Milj\u00f6 F\u00f6rs\u00e4ljning Aktiebolag", "phone_number": "016-132893", "sni_code": 35140, "sni_text": "Handel med elektricitet", "accounts": [{"date_from": "2012-01-01", "date_to": "2012-12-31", "profit_margin_percent": 4.98, "net_operating_income": 222149}, {"date_from": "2013-01-01", "date_to": "2013-12-31", "profit_margin_percent": 4.97, "net_operating_income": 225312}, {"date_from": "2014-01-01", "date_to": "2014-12-31", "profit_margin_percent": 4.69, "net_operating_income": 197378}, {"date_from": "2015-01-01", "date_to": "2015-12-31", "profit_margin_percent": 5.51, "net_operating_income": 174935}, {"date_from": "2016-01-01", "date_to": "2016-12-31", "profit_margin_percent": 1.71, "net_operating_income": 163107}]}