{"orgno": 5560002320, "company_name": "Neovici AB", "phone_number": "08-50528500", "sni_code": 58290, "sni_text": "Utgivare av annan programvara", "accounts": [{"date_from": "2011-05-01", "date_to": "2012-10-31", "profit_margin_percent": 6.62, "net_operating_income": 60370}, {"date_from": "2012-11-01", "date_to": "2013-12-31", "profit_margin_percent": 10.6, "net_operating_income": 49549}, {"date_from": "2014-01-01", "date_to": "2014-12-31", "profit_margin_percent": 12.57, "net_operating_income": 43400}, {"date_from": "2015-01-01", "date_to": "2015-12-31", "profit_margin_percent": 12.63, "net_operating_income": 44340}, {"date_from": "2016-01-01", "date_to": "2016-12-31", "profit_margin_percent": 13.34, "net_operating_income": 43612}]}