{"orgno": 5560003575, "company_name": "Axfood Snabbgross AB", "phone_number": "019-6030350", "sni_code": 46390, "sni_text": "\"Icke specialiserad partihandel med livsmedel. drycker och tobak\"", "accounts": [{"date_from": "2012-01-01", "date_to": "2012-12-31", "profit_margin_percent": 3.57, "net_operating_income": 2155946}, {"date_from": "2013-01-01", "date_to": "2013-12-31", "profit_margin_percent": 4.15, "net_operating_income": 2308599}, {"date_from": "2014-01-01", "date_to": "2014-12-31", "profit_margin_percent": 4.88, "net_operating_income": 2522785}, {"date_from": "2015-01-01", "date_to": "2015-12-31", "profit_margin_percent": 5.31, "net_operating_income": 2735568}, {"date_from": "2016-01-01", "date_to": "2016-12-31", "profit_margin_percent": 5.59, "net_operating_income": 2885580}]}