{"orgno": 5560003468, "company_name": "Sandvik Aktiebolag", "phone_number": "026-260000", "sni_code": 70100, "sni_text": "Huvudkontor", "accounts": [{"date_from": "2012-01-01", "date_to": "2012-12-31", "profit_margin_percent": -0.97, "net_operating_income": 17961000}, {"date_from": "2013-01-01", "date_to": "2013-12-31", "profit_margin_percent": -3.99, "net_operating_income": 17170000}, {"date_from": "2014-01-01", "date_to": "2014-12-31", "profit_margin_percent": -1.99, "net_operating_income": 17549000}, {"date_from": "2015-01-01", "date_to": "2015-12-31", "profit_margin_percent": -4.82, "net_operating_income": 15772000}, {"date_from": "2016-01-01", "date_to": "2016-12-31", "profit_margin_percent": 10.0, "net_operating_income": 15157000}]}