{"orgno": 5560009366, "company_name": "Gamla Ekeby Bruk AB", "phone_number": "031-7794700", "sni_code": 62010, "sni_text": "Programvaruproducenter", "accounts": [{"date_from": "2011-01-01", "date_to": "2011-12-31", "profit_margin_percent": -53.96, "net_operating_income": 8342}, {"date_from": "2012-01-01", "date_to": "2012-12-31", "profit_margin_percent": 100.0, "net_operating_income": 2}, {"date_from": "2013-01-01", "date_to": "2013-12-31", "profit_margin_percent": 0.0, "net_operating_income": 0}, {"date_from": "2014-01-01", "date_to": "2014-12-31", "profit_margin_percent": 100.0, "net_operating_income": 603}, {"date_from": "2015-01-01", "date_to": "2015-12-31", "profit_margin_percent": 0.0, "net_operating_income": 0}]}