{"orgno": 5560005828, "company_name": "PerkinElmer Sverige Aktiebolag", "phone_number": "08-59079700", "sni_code": 46691, "sni_text": "Partihandel med m\u00e4t- och precisionsinstrument", "accounts": [{"date_from": "2011-01-01", "date_to": "2011-12-31", "profit_margin_percent": 3.48, "net_operating_income": 30878}, {"date_from": "2012-01-01", "date_to": "2012-12-31", "profit_margin_percent": 4.98, "net_operating_income": 30573}, {"date_from": "2013-01-01", "date_to": "2013-12-31", "profit_margin_percent": 8.23, "net_operating_income": 31122}, {"date_from": "2014-01-01", "date_to": "2014-12-31", "profit_margin_percent": 8.15, "net_operating_income": 28458}, {"date_from": "2015-01-01", "date_to": "2015-12-31", "profit_margin_percent": 14.19, "net_operating_income": 25197}]}