{"orgno": 5560001033, "company_name": "Skandia Brands AB", "phone_number": "08-7881000", "sni_code": 64201, "sni_text": "Holdingf\u00f6retag i finansiella koncerner", "accounts": [{"date_from": "2012-01-01", "date_to": "2012-12-31", "profit_margin_percent": 4.82, "net_operating_income": 539}, {"date_from": "2013-01-01", "date_to": "2013-12-31", "profit_margin_percent": 4.4, "net_operating_income": 704}, {"date_from": "2014-01-01", "date_to": "2014-12-31", "profit_margin_percent": 4.8, "net_operating_income": 666}, {"date_from": "2015-01-01", "date_to": "2015-12-31", "profit_margin_percent": 99.14, "net_operating_income": 52187}, {"date_from": "2016-01-01", "date_to": "2016-12-31", "profit_margin_percent": 0.0, "net_operating_income": 0}]}