{"orgno": 5560008293, "company_name": "Br\u00e4dg\u00e5rdsfastigheter i Stockholm AB", "phone_number": "08-58884600", "sni_code": 68202, "sni_text": "\"Fastighetsbolag. industrilokaler\"", "accounts": [{"date_from": "2012-01-01", "date_to": "2012-12-31", "profit_margin_percent": 45.88, "net_operating_income": 2511}, {"date_from": "2013-01-01", "date_to": "2013-12-31", "profit_margin_percent": 39.7, "net_operating_income": 2559}, {"date_from": "2014-01-01", "date_to": "2014-12-31", "profit_margin_percent": 66.08, "net_operating_income": 1636}, {"date_from": "2015-01-01", "date_to": "2015-12-31", "profit_margin_percent": 91.08, "net_operating_income": 1188}, {"date_from": "2016-01-01", "date_to": "2016-12-31", "profit_margin_percent": 89.56, "net_operating_income": 1188}]}