{"orgno": 5560013574, "company_name": "Norra \u00c4lvstranden Utveckling AB", "sni_code": 9, "sni_text": "Huvudn\u00e4ring ok\u00e4nd", "accounts": [{"date_from": "2012-01-01", "date_to": "2012-12-31", "profit_margin_percent": 37.61, "net_operating_income": 96648}, {"date_from": "2013-01-01", "date_to": "2013-12-31", "profit_margin_percent": 39.09, "net_operating_income": 96569}, {"date_from": "2014-01-01", "date_to": "2014-12-31", "profit_margin_percent": 46.75, "net_operating_income": 91496}, {"date_from": "2015-01-01", "date_to": "2015-12-31", "profit_margin_percent": 49.52, "net_operating_income": 100097}, {"date_from": "2016-01-01", "date_to": "2016-12-31", "profit_margin_percent": 69.33, "net_operating_income": 130736}]}