{"orgno": 5560015272, "company_name": "Lantm\u00e4nnen SW Seed AB", "phone_number": "0418-667047", "sni_code": 1110, "sni_text": "\"Odlare av spannm\u00e5l (utom ris). baljv\u00e4xter och oljev\u00e4xter\"", "accounts": [{"date_from": "2012-01-01", "date_to": "2012-12-31", "profit_margin_percent": 21.33, "net_operating_income": 173493}, {"date_from": "2013-01-01", "date_to": "2013-12-31", "profit_margin_percent": 24.8, "net_operating_income": 154500}, {"date_from": "2014-01-01", "date_to": "2014-12-31", "profit_margin_percent": 78.96, "net_operating_income": 2733}, {"date_from": "2015-01-01", "date_to": "2015-12-31", "profit_margin_percent": 59.37, "net_operating_income": 25686}, {"date_from": "2016-01-01", "date_to": "2016-12-31", "profit_margin_percent": 16.43, "net_operating_income": 35900}]}