{"orgno": 5560004573, "company_name": "Dalslands Kanal Aktiebolag", "phone_number": "0530-44750", "sni_code": 52220, "sni_text": "Hamnf\u00f6retag och andra servicef\u00f6retag till sj\u00f6transport", "accounts": [{"date_from": "2012-01-01", "date_to": "2012-12-31", "profit_margin_percent": -259.96, "net_operating_income": 2625}, {"date_from": "2013-01-01", "date_to": "2013-12-31", "profit_margin_percent": -265.56, "net_operating_income": 2761}, {"date_from": "2014-01-01", "date_to": "2014-12-31", "profit_margin_percent": -269.35, "net_operating_income": 2773}, {"date_from": "2015-01-01", "date_to": "2015-12-31", "profit_margin_percent": -306.86, "net_operating_income": 2434}, {"date_from": "2016-01-01", "date_to": "2016-12-31", "profit_margin_percent": -293.45, "net_operating_income": 2550}]}