{"orgno": 5560006834, "company_name": "Circle K Sverige AB", "phone_number": "08-4296000", "sni_code": 47300, "sni_text": "Bensinstationer", "accounts": [{"date_from": "2011-01-01", "date_to": "2011-12-31", "profit_margin_percent": 4.53, "net_operating_income": 30457000}, {"date_from": "2012-01-01", "date_to": "2012-12-31", "profit_margin_percent": 4.78, "net_operating_income": 31490000}, {"date_from": "2013-01-01", "date_to": "2014-04-30", "profit_margin_percent": 5.14, "net_operating_income": 35127000}, {"date_from": "2014-05-01", "date_to": "2015-04-30", "profit_margin_percent": 4.38, "net_operating_income": 35812000}, {"date_from": "2015-05-01", "date_to": "2016-04-30", "profit_margin_percent": 5.96, "net_operating_income": 34173000}]}