{"orgno": 5560004409, "company_name": "L\u00e5ngshytte Handels Aktiebolag", "phone_number": "0225-61080", "sni_code": 68203, "sni_text": "\"Fastighetsbolag. andra lokaler\"", "accounts": [{"date_from": "2012-01-01", "date_to": "2012-12-31", "profit_margin_percent": 48.32, "net_operating_income": 923}, {"date_from": "2013-01-01", "date_to": "2013-12-31", "profit_margin_percent": 44.1, "net_operating_income": 923}, {"date_from": "2014-01-01", "date_to": "2014-12-31", "profit_margin_percent": 47.78, "net_operating_income": 923}, {"date_from": "2015-01-01", "date_to": "2015-12-31", "profit_margin_percent": 47.45, "net_operating_income": 923}, {"date_from": "2016-01-01", "date_to": "2016-12-31", "profit_margin_percent": 41.83, "net_operating_income": 930}]}