{"orgno": 5560000472, "company_name": "Fastighets AB Cerberus 4 Stockholm", "phone_number": "08-58705039", "sni_code": 68201, "sni_text": "\"Fastighetsbolag. bost\u00e4der\"", "accounts": [{"date_from": "2012-01-01", "date_to": "2012-12-31", "profit_margin_percent": 63.03, "net_operating_income": 1869}, {"date_from": "2013-01-01", "date_to": "2013-12-31", "profit_margin_percent": 49.21, "net_operating_income": 1510}, {"date_from": "2014-01-01", "date_to": "2014-12-31", "profit_margin_percent": 77.25, "net_operating_income": 2101}, {"date_from": "2015-01-01", "date_to": "2015-12-31", "profit_margin_percent": 76.23, "net_operating_income": 2204}, {"date_from": "2016-01-01", "date_to": "2016-12-31", "profit_margin_percent": 32.0, "net_operating_income": 2053}]}