{"orgno": 5560003682, "company_name": "Brorsson & Co Revisionsbyr\u00e5 AB", "phone_number": "08-4402300", "sni_code": 69202, "sni_text": "Revisionsbyr\u00e5er", "accounts": [{"date_from": "2011-09-01", "date_to": "2012-08-31", "profit_margin_percent": 42.93, "net_operating_income": 2490}, {"date_from": "2012-09-01", "date_to": "2013-08-31", "profit_margin_percent": -1.85, "net_operating_income": 1781}, {"date_from": "2013-09-01", "date_to": "2014-08-31", "profit_margin_percent": 6.99, "net_operating_income": 1989}, {"date_from": "2014-09-01", "date_to": "2015-08-31", "profit_margin_percent": 23.04, "net_operating_income": 2023}, {"date_from": "2015-09-01", "date_to": "2016-08-31", "profit_margin_percent": 2.82, "net_operating_income": 2058}]}