{"orgno": 5560007105, "company_name": "Fr\u00e4lsningsarm\u00e9ns F\u00f6rlagsaktiebolag", "phone_number": "08-56228200", "sni_code": 68203, "sni_text": "\"Fastighetsbolag. andra lokaler\"", "accounts": [{"date_from": "2012-01-01", "date_to": "2012-12-31", "profit_margin_percent": 54.86, "net_operating_income": 64937}, {"date_from": "2013-01-01", "date_to": "2013-12-31", "profit_margin_percent": 49.79, "net_operating_income": 68801}, {"date_from": "2014-01-01", "date_to": "2014-12-31", "profit_margin_percent": 55.2, "net_operating_income": 71663}, {"date_from": "2015-01-01", "date_to": "2015-12-31", "profit_margin_percent": 61.72, "net_operating_income": 76601}, {"date_from": "2016-01-01", "date_to": "2016-12-31", "profit_margin_percent": 52.41, "net_operating_income": 84333}]}