{"orgno": 5560004037, "company_name": "Byggnads AB S:t Erik", "phone_number": "08-400800", "sni_code": 68201, "sni_text": "\"Fastighetsbolag. bost\u00e4der\"", "accounts": [{"date_from": "2012-01-01", "date_to": "2012-12-31", "profit_margin_percent": 44.61, "net_operating_income": 1511}, {"date_from": "2013-01-01", "date_to": "2013-12-31", "profit_margin_percent": 58.51, "net_operating_income": 1574}, {"date_from": "2014-01-01", "date_to": "2014-12-31", "profit_margin_percent": -46.97, "net_operating_income": 1501}, {"date_from": "2015-01-01", "date_to": "2015-12-31", "profit_margin_percent": 39.45, "net_operating_income": 1521}, {"date_from": "2016-01-01", "date_to": "2016-12-31", "profit_margin_percent": 54.42, "net_operating_income": 1709}]}