{"orgno": 5560013715, "company_name": "Dala Eln\u00e4t Aktiebolag", "phone_number": "0225-63630", "sni_code": 35130, "sni_text": "Distribution av elektricitet", "accounts": [{"date_from": "2012-01-01", "date_to": "2012-12-31", "profit_margin_percent": 47.63, "net_operating_income": 39879}, {"date_from": "2013-01-01", "date_to": "2013-12-31", "profit_margin_percent": 42.29, "net_operating_income": 42128}, {"date_from": "2014-01-01", "date_to": "2014-12-31", "profit_margin_percent": 47.71, "net_operating_income": 41363}, {"date_from": "2015-01-01", "date_to": "2015-12-31", "profit_margin_percent": 41.84, "net_operating_income": 41998}, {"date_from": "2016-01-01", "date_to": "2016-12-31", "profit_margin_percent": 44.83, "net_operating_income": 44396}]}