{"orgno": 5560001421, "company_name": "Nordstjernan Aktiebolag", "phone_number": "08-7885000", "sni_code": 68203, "sni_text": "\"Fastighetsbolag. andra lokaler\"", "accounts": [{"date_from": "2012-01-01", "date_to": "2012-12-31", "profit_margin_percent": -184.21, "net_operating_income": 19000}, {"date_from": "2013-01-01", "date_to": "2013-12-31", "profit_margin_percent": -333.33, "net_operating_income": 33000}, {"date_from": "2014-01-01", "date_to": "2014-12-31", "profit_margin_percent": -130.0, "net_operating_income": 30000}, {"date_from": "2015-01-01", "date_to": "2015-12-31", "profit_margin_percent": -455.56, "net_operating_income": 27000}, {"date_from": "2016-01-01", "date_to": "2016-12-31", "profit_margin_percent": -524.0, "net_operating_income": 25000}]}