{"orgno": 5560001629, "company_name": "Akzo Nobel International Aktiebolag", "phone_number": "08-56219900", "sni_code": 74900, "sni_text": "\"\u00d6vriga f\u00f6retag inom juridik. ekonomi. vetenskap och teknik\"", "accounts": [{"date_from": "2012-01-01", "date_to": "2012-12-31", "profit_margin_percent": 0.0, "net_operating_income": 0}, {"date_from": "2013-01-01", "date_to": "2013-12-31", "profit_margin_percent": 0.0, "net_operating_income": 0}, {"date_from": "2014-01-01", "date_to": "2014-12-31", "profit_margin_percent": 0.0, "net_operating_income": 0}, {"date_from": "2015-01-01", "date_to": "2015-12-31", "profit_margin_percent": -1070.59, "net_operating_income": 34}, {"date_from": "2016-01-01", "date_to": "2016-12-31", "profit_margin_percent": 0.0, "net_operating_income": 0}]}