{"orgno": 5560012022, "company_name": "Ugglebo arbetaref\u00f6renings Aktiebolag", "phone_number": "0297-42015", "sni_code": 47112, "sni_text": "Livsmedelsbutiker med brett sortiment", "accounts": [{"date_from": "2012-01-01", "date_to": "2012-12-31", "profit_margin_percent": 3.72, "net_operating_income": 83209}, {"date_from": "2013-01-01", "date_to": "2013-12-31", "profit_margin_percent": 3.83, "net_operating_income": 95983}, {"date_from": "2014-01-01", "date_to": "2014-12-31", "profit_margin_percent": 2.61, "net_operating_income": 96684}, {"date_from": "2015-01-01", "date_to": "2015-12-31", "profit_margin_percent": 2.59, "net_operating_income": 100315}, {"date_from": "2016-01-01", "date_to": "2016-12-31", "profit_margin_percent": 2.51, "net_operating_income": 102052}]}