{"orgno": 5560010554, "company_name": "Rabattvaruhuset i Stockholm Aktiebolag", "phone_number": "0705-350074", "sni_code": 47594, "sni_text": "Butiker f\u00f6r belysningsartiklar", "accounts": [{"date_from": "2012-01-01", "date_to": "2012-12-31", "profit_margin_percent": 2.1, "net_operating_income": 5844}, {"date_from": "2013-01-01", "date_to": "2013-12-31", "profit_margin_percent": 1.96, "net_operating_income": 6315}, {"date_from": "2014-01-01", "date_to": "2014-12-31", "profit_margin_percent": -9.92, "net_operating_income": 6795}, {"date_from": "2015-01-01", "date_to": "2015-12-31", "profit_margin_percent": -7.5, "net_operating_income": 3934}, {"date_from": "2016-01-01", "date_to": "2016-12-31", "profit_margin_percent": 1.11, "net_operating_income": 1352}]}