{"orgno": 5560003047, "company_name": "AB Karl Hedin Emballage", "phone_number": "010-4578002", "sni_code": 16240, "sni_text": "Tr\u00e4f\u00f6rpackningsindustri", "accounts": [{"date_from": "2012-01-01", "date_to": "2012-12-31", "profit_margin_percent": 9.48, "net_operating_income": 293297}, {"date_from": "2013-01-01", "date_to": "2013-12-31", "profit_margin_percent": 10.71, "net_operating_income": 286864}, {"date_from": "2014-01-01", "date_to": "2014-12-31", "profit_margin_percent": 7.16, "net_operating_income": 276935}, {"date_from": "2015-01-01", "date_to": "2015-12-31", "profit_margin_percent": 9.45, "net_operating_income": 281777}, {"date_from": "2016-01-01", "date_to": "2016-12-31", "profit_margin_percent": 10.96, "net_operating_income": 305228}]}