{"orgno": 5560001439, "company_name": "Karpalunds \u00e5ngbryggeriaktiebolag", "phone_number": "031-891790", "sni_code": 64991, "sni_text": "Investment- och riskkapitalbolag", "accounts": [{"date_from": "2012-01-01", "date_to": "2012-12-31", "profit_margin_percent": 11.75, "net_operating_income": 153900}, {"date_from": "2013-01-01", "date_to": "2013-12-31", "profit_margin_percent": 8.11, "net_operating_income": 419386}, {"date_from": "2014-01-01", "date_to": "2014-12-31", "profit_margin_percent": 5.01, "net_operating_income": 232906}, {"date_from": "2015-01-01", "date_to": "2015-12-31", "profit_margin_percent": 2.0, "net_operating_income": 121338}, {"date_from": "2016-01-01", "date_to": "2016-12-31", "profit_margin_percent": 25.56, "net_operating_income": 346904}]}