{"orgno": 5560005406, "company_name": "Volvo Financial Services Aktiebolag", "phone_number": "031-666255", "sni_code": 64920, "sni_text": "Andra kreditinstitut", "accounts": [{"date_from": "2012-01-01", "date_to": "2012-12-31", "profit_margin_percent": 36.21, "net_operating_income": 318899}, {"date_from": "2013-01-01", "date_to": "2013-12-31", "profit_margin_percent": 90.98, "net_operating_income": 1953724}, {"date_from": "2014-01-01", "date_to": "2014-12-31", "profit_margin_percent": 61.36, "net_operating_income": 533112}, {"date_from": "2015-01-01", "date_to": "2015-12-31", "profit_margin_percent": 42.52, "net_operating_income": 445425}, {"date_from": "2016-01-01", "date_to": "2016-12-31", "profit_margin_percent": 38.85, "net_operating_income": 477287}]}