{"orgno": 5560012238, "company_name": "Str\u00f6msholms Kanalaktiebolag", "phone_number": "0220-10011", "sni_code": 52220, "sni_text": "Hamnf\u00f6retag och andra servicef\u00f6retag till sj\u00f6transport", "accounts": [{"date_from": "2012-01-01", "date_to": "2012-12-31", "profit_margin_percent": -6.61, "net_operating_income": 4869}, {"date_from": "2013-01-01", "date_to": "2013-12-31", "profit_margin_percent": 3.19, "net_operating_income": 4984}, {"date_from": "2014-01-01", "date_to": "2014-12-31", "profit_margin_percent": 1.05, "net_operating_income": 6194}, {"date_from": "2015-01-01", "date_to": "2015-12-31", "profit_margin_percent": -3.95, "net_operating_income": 6889}, {"date_from": "2016-01-01", "date_to": "2016-12-31", "profit_margin_percent": 0.09, "net_operating_income": 8801}]}