{"orgno": 5560008145, "company_name": "Setra Byggprodukter AB", "phone_number": "08-7050300", "sni_code": 46731, "sni_text": "Partihandel med virke och andra byggmaterial", "accounts": [{"date_from": "2012-01-01", "date_to": "2012-12-31", "profit_margin_percent": 100.0, "net_operating_income": 147}, {"date_from": "2013-01-01", "date_to": "2013-12-31", "profit_margin_percent": 0.0, "net_operating_income": 0}, {"date_from": "2014-01-01", "date_to": "2014-12-31", "profit_margin_percent": 98.92, "net_operating_income": 1487}, {"date_from": "2015-01-01", "date_to": "2015-12-31", "profit_margin_percent": -300.0, "net_operating_income": 7}, {"date_from": "2016-01-01", "date_to": "2016-12-31", "profit_margin_percent": 99.55, "net_operating_income": 673}]}