{"orgno": 5560012576, "company_name": "Ystads teateraktiebolag", "phone_number": "0411-77199", "sni_code": 68203, "sni_text": "\"Fastighetsbolag. andra lokaler\"", "accounts": [{"date_from": "2012-01-01", "date_to": "2012-12-31", "profit_margin_percent": -191.77, "net_operating_income": 2577}, {"date_from": "2013-01-01", "date_to": "2013-12-31", "profit_margin_percent": -80.84, "net_operating_income": 3372}, {"date_from": "2014-01-01", "date_to": "2014-12-31", "profit_margin_percent": -56.75, "net_operating_income": 4763}, {"date_from": "2015-01-01", "date_to": "2015-12-31", "profit_margin_percent": -66.59, "net_operating_income": 4184}, {"date_from": "2016-01-01", "date_to": "2016-12-31", "profit_margin_percent": -79.8, "net_operating_income": 4278}]}