{"orgno": 5560006057, "company_name": "HeidelbergCement Sweden AB", "phone_number": "08-58796900", "sni_code": 70100, "sni_text": "Huvudkontor", "accounts": [{"date_from": "2012-01-01", "date_to": "2012-12-31", "profit_margin_percent": -24.98, "net_operating_income": 90583}, {"date_from": "2013-01-01", "date_to": "2013-12-31", "profit_margin_percent": -23.05, "net_operating_income": 94483}, {"date_from": "2014-01-01", "date_to": "2014-12-31", "profit_margin_percent": -27.98, "net_operating_income": 112478}, {"date_from": "2015-01-01", "date_to": "2015-12-31", "profit_margin_percent": -36.84, "net_operating_income": 113494}, {"date_from": "2016-01-01", "date_to": "2016-12-31", "profit_margin_percent": -31.77, "net_operating_income": 147015}]}