{"orgno": 5560008020, "company_name": "Rederiaktiebolaget Gotland", "phone_number": "0498-200000", "sni_code": 77340, "sni_text": "Fartygsuthyrare", "accounts": [{"date_from": "2012-01-01", "date_to": "2012-12-31", "profit_margin_percent": 80.84, "net_operating_income": 259123}, {"date_from": "2013-01-01", "date_to": "2013-12-31", "profit_margin_percent": 76.25, "net_operating_income": 215961}, {"date_from": "2014-01-01", "date_to": "2014-12-31", "profit_margin_percent": 86.59, "net_operating_income": 209687}, {"date_from": "2015-01-01", "date_to": "2015-12-31", "profit_margin_percent": 78.45, "net_operating_income": 215222}, {"date_from": "2016-01-01", "date_to": "2016-12-31", "profit_margin_percent": 79.12, "net_operating_income": 206680}]}