{"orgno": 5560017153, "company_name": "Stockholms Stads Parkerings Aktiebolag", "phone_number": "08-7729600", "sni_code": 52219, "sni_text": "\u00d6vriga servicef\u00f6retag till landtransport", "accounts": [{"date_from": "2012-01-01", "date_to": "2012-12-31", "profit_margin_percent": 20.12, "net_operating_income": 487887}, {"date_from": "2013-01-01", "date_to": "2013-12-31", "profit_margin_percent": 21.01, "net_operating_income": 496104}, {"date_from": "2014-01-01", "date_to": "2014-12-31", "profit_margin_percent": 23.93, "net_operating_income": 510716}, {"date_from": "2015-01-01", "date_to": "2015-12-31", "profit_margin_percent": 28.98, "net_operating_income": 545795}, {"date_from": "2016-01-01", "date_to": "2016-12-31", "profit_margin_percent": 32.94, "net_operating_income": 587972}]}