{"orgno": 5560009374, "company_name": "Dala Energi AB (publ)", "phone_number": "0247-73800", "sni_code": 70100, "sni_text": "Huvudkontor", "accounts": [{"date_from": "2012-01-01", "date_to": "2012-12-31", "profit_margin_percent": -7.85, "net_operating_income": 33246}, {"date_from": "2013-01-01", "date_to": "2013-12-31", "profit_margin_percent": -4.57, "net_operating_income": 18518}, {"date_from": "2014-01-01", "date_to": "2014-12-31", "profit_margin_percent": -2.23, "net_operating_income": 19523}, {"date_from": "2015-01-01", "date_to": "2015-12-31", "profit_margin_percent": 0.08, "net_operating_income": 30888}, {"date_from": "2016-01-01", "date_to": "2016-12-31", "profit_margin_percent": 1.83, "net_operating_income": 34538}]}