{"orgno": 5560007006, "company_name": "Atlantic Container Line Aktiebolag", "phone_number": "031-645500", "sni_code": 50202, "sni_text": "\"Havs- och kustsj\u00f6fartsrederier. icke regulj\u00e4r godstrafik\"", "accounts": [{"date_from": "2012-01-01", "date_to": "2012-12-31", "profit_margin_percent": 10.5, "net_operating_income": 2884565}, {"date_from": "2013-01-01", "date_to": "2013-12-31", "profit_margin_percent": 0.88, "net_operating_income": 2629841}, {"date_from": "2014-01-01", "date_to": "2014-12-31", "profit_margin_percent": 6.4, "net_operating_income": 2733645}, {"date_from": "2015-01-01", "date_to": "2015-12-31", "profit_margin_percent": 13.62, "net_operating_income": 2930008}, {"date_from": "2016-01-01", "date_to": "2016-12-31", "profit_margin_percent": -2.87, "net_operating_income": 2750346}]}