{"orgno": 5560004615, "company_name": "Skanska AB", "phone_number": "010-4480000", "sni_code": 70100, "sni_text": "Huvudkontor", "accounts": [{"date_from": "2012-01-01", "date_to": "2012-12-31", "profit_margin_percent": -27.64, "net_operating_income": 550000}, {"date_from": "2013-01-01", "date_to": "2013-12-31", "profit_margin_percent": -19.69, "net_operating_income": 579000}, {"date_from": "2014-01-01", "date_to": "2014-12-31", "profit_margin_percent": -2.42, "net_operating_income": 620000}, {"date_from": "2015-01-01", "date_to": "2015-12-31", "profit_margin_percent": -13.7, "net_operating_income": 679000}, {"date_from": "2016-01-01", "date_to": "2016-12-31", "profit_margin_percent": -11.28, "net_operating_income": 674000}]}