{"orgno": 5560008160, "company_name": "Bostadsaktiebolaget Presto", "phone_number": "070-6776980", "sni_code": 68201, "sni_text": "\"Fastighetsbolag. bost\u00e4der\"", "accounts": [{"date_from": "2012-01-01", "date_to": "2012-12-31", "profit_margin_percent": 28.62, "net_operating_income": 622}, {"date_from": "2013-01-01", "date_to": "2013-12-31", "profit_margin_percent": 28.29, "net_operating_income": 615}, {"date_from": "2014-01-01", "date_to": "2014-12-31", "profit_margin_percent": 24.33, "net_operating_income": 600}, {"date_from": "2015-01-01", "date_to": "2015-12-31", "profit_margin_percent": 23.92, "net_operating_income": 602}, {"date_from": "2016-01-01", "date_to": "2016-12-31", "profit_margin_percent": 29.98, "net_operating_income": 607}]}