{"orgno": 5560001348, "company_name": "Transtrands Handelsaktiebolag", "phone_number": "08-320199", "sni_code": 45201, "sni_text": "\"Bilserviceverkst\u00e4der. ej specialiserade\"", "accounts": [{"date_from": "2011-09-01", "date_to": "2012-08-31", "profit_margin_percent": 67.98, "net_operating_income": 968}, {"date_from": "2012-09-01", "date_to": "2013-08-31", "profit_margin_percent": -72.58, "net_operating_income": 868}, {"date_from": "2013-09-01", "date_to": "2014-08-31", "profit_margin_percent": 49.72, "net_operating_income": 1062}, {"date_from": "2014-09-01", "date_to": "2015-08-31", "profit_margin_percent": 78.48, "net_operating_income": 669}, {"date_from": "2015-09-01", "date_to": "2016-08-31", "profit_margin_percent": -5.27, "net_operating_income": 3451}]}