{"orgno": 5560016122, "company_name": "Gr\u00e4nges AB", "phone_number": "08-4595900", "sni_code": 70100, "sni_text": "Huvudkontor", "accounts": [{"date_from": "2012-01-01", "date_to": "2012-12-31", "profit_margin_percent": -39.52, "net_operating_income": 544000}, {"date_from": "2013-01-01", "date_to": "2013-12-31", "profit_margin_percent": -155.95, "net_operating_income": 151965}, {"date_from": "2014-01-01", "date_to": "2014-12-31", "profit_margin_percent": -61.05, "net_operating_income": 95000}, {"date_from": "2015-01-01", "date_to": "2015-12-31", "profit_margin_percent": -25.0, "net_operating_income": 128000}, {"date_from": "2016-01-01", "date_to": "2016-12-31", "profit_margin_percent": -49.58, "net_operating_income": 119000}]}