{"orgno": 5560016817, "company_name": "Fastighetsaktiebolaget Bubblan i \u00c5re", "phone_number": "070-3176308", "sni_code": 68203, "sni_text": "\"Fastighetsbolag. andra lokaler\"", "accounts": [{"date_from": "2011-09-01", "date_to": "2012-08-31", "profit_margin_percent": 33.41, "net_operating_income": 2116}, {"date_from": "2012-09-01", "date_to": "2013-08-31", "profit_margin_percent": -12.87, "net_operating_income": 2013}, {"date_from": "2013-09-01", "date_to": "2014-08-31", "profit_margin_percent": 21.02, "net_operating_income": 2179}, {"date_from": "2014-09-01", "date_to": "2015-08-31", "profit_margin_percent": 26.11, "net_operating_income": 2424}, {"date_from": "2015-09-01", "date_to": "2016-08-31", "profit_margin_percent": 40.72, "net_operating_income": 2586}]}