{"orgno": 5560008301, "company_name": "H\u00f6gan\u00e4s Hamnbyggnads Aktiebolag", "phone_number": "042-338000", "sni_code": 42910, "sni_text": "Vattenbyggnadsentrepren\u00f6rer", "accounts": [{"date_from": "2012-01-01", "date_to": "2012-12-31", "profit_margin_percent": 70.25, "net_operating_income": 3704}, {"date_from": "2013-01-01", "date_to": "2013-12-31", "profit_margin_percent": -0.84, "net_operating_income": 2608}, {"date_from": "2014-01-01", "date_to": "2014-12-31", "profit_margin_percent": 33.78, "net_operating_income": 2632}, {"date_from": "2015-01-01", "date_to": "2015-12-31", "profit_margin_percent": 71.48, "net_operating_income": 2616}, {"date_from": "2016-01-01", "date_to": "2016-12-31", "profit_margin_percent": 51.24, "net_operating_income": 2340}]}