{"orgno": 5560006628, "company_name": "KFUK-KFUM:s i Eskilstuna Fastighetsaktiebolag", "phone_number": "016-144370", "sni_code": 68320, "sni_text": "Fastighetsf\u00f6rvaltare p\u00e5 uppdrag", "accounts": [{"date_from": "2012-01-01", "date_to": "2012-12-31", "profit_margin_percent": 45.09, "net_operating_income": 967}, {"date_from": "2013-01-01", "date_to": "2013-12-31", "profit_margin_percent": -15.16, "net_operating_income": 488}, {"date_from": "2014-01-01", "date_to": "2014-12-31", "profit_margin_percent": 32.32, "net_operating_income": 1114}, {"date_from": "2015-01-01", "date_to": "2015-12-31", "profit_margin_percent": 29.23, "net_operating_income": 1372}, {"date_from": "2016-01-01", "date_to": "2016-12-31", "profit_margin_percent": 31.86, "net_operating_income": 1130}]}