{"orgno": 5560017781, "company_name": "Berte Qvarnaktiebolag", "phone_number": "0346-715200", "sni_code": 10611, "sni_text": "Kvarnar", "accounts": [{"date_from": "2012-01-01", "date_to": "2012-12-31", "profit_margin_percent": 5.73, "net_operating_income": 200186}, {"date_from": "2013-01-01", "date_to": "2013-12-31", "profit_margin_percent": 9.19, "net_operating_income": 158533}, {"date_from": "2014-01-01", "date_to": "2014-12-31", "profit_margin_percent": 6.88, "net_operating_income": 146728}, {"date_from": "2015-01-01", "date_to": "2015-12-31", "profit_margin_percent": 12.68, "net_operating_income": 161097}, {"date_from": "2016-01-01", "date_to": "2016-12-31", "profit_margin_percent": 15.44, "net_operating_income": 175005}]}