{"orgno": 5560018300, "company_name": "Tikkurila Sverige AB", "phone_number": "08-7756000", "sni_code": 20300, "sni_text": "\"Industri f\u00f6r f\u00e4rg. lack och tryckf\u00e4rg m.m.\"", "accounts": [{"date_from": "2012-01-01", "date_to": "2012-12-31", "profit_margin_percent": 16.01, "net_operating_income": 1427398}, {"date_from": "2013-01-01", "date_to": "2013-12-31", "profit_margin_percent": 14.97, "net_operating_income": 1514587}, {"date_from": "2014-01-01", "date_to": "2014-12-31", "profit_margin_percent": 14.64, "net_operating_income": 1512796}, {"date_from": "2015-01-01", "date_to": "2015-12-31", "profit_margin_percent": 12.22, "net_operating_income": 1594342}, {"date_from": "2016-01-01", "date_to": "2016-12-31", "profit_margin_percent": 13.39, "net_operating_income": 1682090}]}