{"orgno": 5560012832, "company_name": "Aktiebolaget Lomma Tegelfabrik", "phone_number": "040-74030", "sni_code": 68201, "sni_text": "\"Fastighetsbolag. bost\u00e4der\"", "accounts": [{"date_from": "2012-01-01", "date_to": "2012-12-31", "profit_margin_percent": -25.24, "net_operating_income": 21042}, {"date_from": "2013-01-01", "date_to": "2013-12-31", "profit_margin_percent": 9.0, "net_operating_income": 29801}, {"date_from": "2014-01-01", "date_to": "2014-12-31", "profit_margin_percent": -3.26, "net_operating_income": 20579}, {"date_from": "2015-01-01", "date_to": "2015-12-31", "profit_margin_percent": 11.43, "net_operating_income": 21418}, {"date_from": "2016-01-01", "date_to": "2016-12-31", "profit_margin_percent": -23.04, "net_operating_income": 21742}]}