{"orgno": 5560005851, "company_name": "D.J. Elg\u00e9rus Aktiebolag", "sni_code": 68201, "sni_text": "\"Fastighetsbolag. bost\u00e4der\"", "accounts": [{"date_from": "2012-01-01", "date_to": "2012-12-31", "profit_margin_percent": 25.56, "net_operating_income": 266}, {"date_from": "2013-01-01", "date_to": "2013-12-31", "profit_margin_percent": 8.7, "net_operating_income": 276}, {"date_from": "2014-01-01", "date_to": "2014-12-31", "profit_margin_percent": 42.96, "net_operating_income": 291}, {"date_from": "2015-01-01", "date_to": "2015-12-31", "profit_margin_percent": 34.07, "net_operating_income": 273}, {"date_from": "2016-01-01", "date_to": "2016-12-31", "profit_margin_percent": 45.19, "net_operating_income": 312}]}