{"orgno": 5560005323, "company_name": "G\u00f6teborgs is Aktiebolag", "phone_number": "031-144657", "sni_code": 46769, "sni_text": "Partihandel med \u00f6vriga insatsvaror", "accounts": [{"date_from": "2012-01-01", "date_to": "2012-12-31", "profit_margin_percent": -4.44, "net_operating_income": 225}, {"date_from": "2013-01-01", "date_to": "2013-12-31", "profit_margin_percent": 0.0, "net_operating_income": 0}, {"date_from": "2014-01-01", "date_to": "2014-12-31", "profit_margin_percent": 23.75, "net_operating_income": 160}, {"date_from": "2015-01-01", "date_to": "2015-12-31", "profit_margin_percent": 0.0, "net_operating_income": 0}, {"date_from": "2016-01-01", "date_to": "2016-12-31", "profit_margin_percent": 0.0, "net_operating_income": 0}]}