{"orgno": 5560016213, "company_name": "JM V\u00e4rmd\u00f6strand AB", "phone_number": "08-7828700", "sni_code": 68201, "sni_text": "\"Fastighetsbolag. bost\u00e4der\"", "accounts": [{"date_from": "2012-01-01", "date_to": "2012-12-31", "profit_margin_percent": -75.96, "net_operating_income": 208}, {"date_from": "2013-01-01", "date_to": "2013-12-31", "profit_margin_percent": -62.29, "net_operating_income": 175}, {"date_from": "2014-01-01", "date_to": "2014-12-31", "profit_margin_percent": -428.98, "net_operating_income": 176}, {"date_from": "2015-01-01", "date_to": "2015-12-31", "profit_margin_percent": -267.07, "net_operating_income": 167}, {"date_from": "2016-01-01", "date_to": "2016-12-31", "profit_margin_percent": -22.78, "net_operating_income": 180}]}