{"orgno": 5560013962, "company_name": "Byggnadsaktiebolaget Hallandia", "phone_number": "035-106595", "sni_code": 68201, "sni_text": "\"Fastighetsbolag. bost\u00e4der\"", "accounts": [{"date_from": "2012-01-01", "date_to": "2012-12-31", "profit_margin_percent": 13.15, "net_operating_income": 958}, {"date_from": "2013-01-01", "date_to": "2013-12-31", "profit_margin_percent": 34.83, "net_operating_income": 1002}, {"date_from": "2014-01-01", "date_to": "2014-12-31", "profit_margin_percent": 27.29, "net_operating_income": 1015}, {"date_from": "2015-01-01", "date_to": "2015-12-31", "profit_margin_percent": 15.16, "net_operating_income": 1016}, {"date_from": "2016-01-01", "date_to": "2016-12-31", "profit_margin_percent": 31.02, "net_operating_income": 1051}]}