{"orgno": 5560013178, "company_name": "Lantm\u00e4nnen V\u00e5rg\u00e5rda Kvarn AB", "phone_number": "0322-623085", "sni_code": 9, "sni_text": "Huvudn\u00e4ring ok\u00e4nd", "accounts": [{"date_from": "2012-01-01", "date_to": "2012-12-31", "profit_margin_percent": 0.0, "net_operating_income": 0}, {"date_from": "2013-01-01", "date_to": "2013-12-31", "profit_margin_percent": 0.0, "net_operating_income": 0}, {"date_from": "2014-01-01", "date_to": "2014-12-31", "profit_margin_percent": 0.0, "net_operating_income": 0}, {"date_from": "2015-01-01", "date_to": "2015-12-31", "profit_margin_percent": 0.0, "net_operating_income": 0}, {"date_from": "2016-01-01", "date_to": "2016-12-31", "profit_margin_percent": 0.0, "net_operating_income": 0}]}