{"orgno": 5560012402, "company_name": "Aktiebolaget Ystads Saltsj\u00f6bad", "phone_number": "0411-13630", "sni_code": 68203, "sni_text": "\"Fastighetsbolag. andra lokaler\"", "accounts": [{"date_from": "2012-01-01", "date_to": "2012-12-31", "profit_margin_percent": 58.42, "net_operating_income": 12343}, {"date_from": "2013-01-01", "date_to": "2013-12-31", "profit_margin_percent": 61.84, "net_operating_income": 13517}, {"date_from": "2014-01-01", "date_to": "2014-12-31", "profit_margin_percent": 65.45, "net_operating_income": 13861}, {"date_from": "2015-01-01", "date_to": "2015-12-31", "profit_margin_percent": 61.43, "net_operating_income": 16594}, {"date_from": "2016-01-01", "date_to": "2016-12-31", "profit_margin_percent": 58.45, "net_operating_income": 16674}]}