{"orgno": 5560004508, "company_name": "Bostadsaktiebolaget Esplanaden", "sni_code": 68201, "sni_text": "\"Fastighetsbolag. bost\u00e4der\"", "accounts": [{"date_from": "2012-01-01", "date_to": "2012-12-31", "profit_margin_percent": -5.72, "net_operating_income": 1345}, {"date_from": "2013-01-01", "date_to": "2013-12-31", "profit_margin_percent": 6.32, "net_operating_income": 1614}, {"date_from": "2014-01-01", "date_to": "2014-12-31", "profit_margin_percent": -58.64, "net_operating_income": 1811}, {"date_from": "2015-01-01", "date_to": "2015-12-31", "profit_margin_percent": -50.21, "net_operating_income": 1870}, {"date_from": "2016-01-01", "date_to": "2016-12-31", "profit_margin_percent": -134.66, "net_operating_income": 2141}]}