{"orgno": 5560010802, "company_name": "Stena Aktiebolag", "phone_number": "031-855000", "sni_code": 70100, "sni_text": "Huvudkontor", "accounts": [{"date_from": "2012-01-01", "date_to": "2012-12-31", "profit_margin_percent": -53.69, "net_operating_income": 149000}, {"date_from": "2013-01-01", "date_to": "2013-12-31", "profit_margin_percent": -18.45, "net_operating_income": 168000}, {"date_from": "2014-01-01", "date_to": "2014-12-31", "profit_margin_percent": -248.53, "net_operating_income": 136000}, {"date_from": "2015-01-01", "date_to": "2015-12-31", "profit_margin_percent": -143.83, "net_operating_income": 162000}, {"date_from": "2016-01-01", "date_to": "2016-12-31", "profit_margin_percent": -90.3, "net_operating_income": 134000}]}