{"orgno": 5560013301, "company_name": "Holmen Aktiebolag", "phone_number": "08-6662100", "sni_code": 70100, "sni_text": "Huvudkontor", "accounts": [{"date_from": "2012-01-01", "date_to": "2012-12-31", "profit_margin_percent": 6.34, "net_operating_income": 16376000}, {"date_from": "2013-01-01", "date_to": "2013-12-31", "profit_margin_percent": 2.97, "net_operating_income": 15195000}, {"date_from": "2014-01-01", "date_to": "2014-12-31", "profit_margin_percent": 7.86, "net_operating_income": 15119000}, {"date_from": "2015-01-01", "date_to": "2015-12-31", "profit_margin_percent": 2.41, "net_operating_income": 14499000}, {"date_from": "2016-01-01", "date_to": "2016-12-31", "profit_margin_percent": 2.44, "net_operating_income": 14821000}]}