{"orgno": 5560000753, "company_name": "Volvo Powertrain Aktiebolag", "phone_number": "031-660000", "sni_code": 29102, "sni_text": "Lastbilsindustri", "accounts": [{"date_from": "2012-01-01", "date_to": "2012-12-31", "profit_margin_percent": 5.56, "net_operating_income": 15180976}, {"date_from": "2013-01-01", "date_to": "2013-12-31", "profit_margin_percent": 0.87, "net_operating_income": 14305507}, {"date_from": "2014-01-01", "date_to": "2014-12-31", "profit_margin_percent": 7.28, "net_operating_income": 15513073}, {"date_from": "2015-01-01", "date_to": "2015-12-31", "profit_margin_percent": 12.36, "net_operating_income": 18429506}, {"date_from": "2016-01-01", "date_to": "2016-12-31", "profit_margin_percent": 16.62, "net_operating_income": 18325630}]}