{"orgno": 5560005190, "company_name": "Fastighetsaktiebolaget M\u00f6sseberg", "phone_number": "0515-723550", "sni_code": 68202, "sni_text": "\"Fastighetsbolag. industrilokaler\"", "accounts": [{"date_from": "2012-01-01", "date_to": "2012-12-31", "profit_margin_percent": 57.17, "net_operating_income": 5980}, {"date_from": "2013-01-01", "date_to": "2013-12-31", "profit_margin_percent": 66.79, "net_operating_income": 8277}, {"date_from": "2014-01-01", "date_to": "2014-12-31", "profit_margin_percent": 76.67, "net_operating_income": 8367}, {"date_from": "2015-01-01", "date_to": "2015-12-31", "profit_margin_percent": 72.86, "net_operating_income": 8453}, {"date_from": "2016-01-01", "date_to": "2016-12-31", "profit_margin_percent": 78.41, "net_operating_income": 10776}]}