{"orgno": 5560017369, "company_name": "Stockholm-Saltsj\u00f6n Aktiebolag", "phone_number": "08-6142000", "sni_code": 68201, "sni_text": "\"Fastighetsbolag. bost\u00e4der\"", "accounts": [{"date_from": "2012-01-01", "date_to": "2012-12-31", "profit_margin_percent": -82.61, "net_operating_income": 667}, {"date_from": "2013-01-01", "date_to": "2013-12-31", "profit_margin_percent": -165.69, "net_operating_income": 513}, {"date_from": "2014-01-01", "date_to": "2014-12-31", "profit_margin_percent": -105.3, "net_operating_income": 623}, {"date_from": "2015-01-01", "date_to": "2015-12-31", "profit_margin_percent": -1494.33, "net_operating_income": 335}, {"date_from": "2016-01-01", "date_to": "2016-12-31", "profit_margin_percent": -254.14, "net_operating_income": 567}]}