{"orgno": 5560013665, "company_name": "Werldsgoodtemplarordens i Helsingborg AB", "phone_number": "042-212339", "sni_code": 64993, "sni_text": "F\u00f6rvaltning av och handel med v\u00e4rdepapper f\u00f6r en begr\u00e4nsad och sluten krets av \u00e4gare", "accounts": [{"date_from": "2012-01-01", "date_to": "2012-12-31", "profit_margin_percent": -4225.0, "net_operating_income": 4}, {"date_from": "2013-01-01", "date_to": "2013-12-31", "profit_margin_percent": -8100.0, "net_operating_income": 2}, {"date_from": "2014-01-01", "date_to": "2014-12-31", "profit_margin_percent": -12000.0, "net_operating_income": 2}, {"date_from": "2015-01-01", "date_to": "2015-12-31", "profit_margin_percent": -4475.0, "net_operating_income": 4}, {"date_from": "2016-01-01", "date_to": "2016-12-31", "profit_margin_percent": -4925.0, "net_operating_income": 4}]}