{"orgno": 5560018730, "company_name": "Kyrkbackens hamn AB", "phone_number": "0418-72400", "sni_code": 93199, "sni_text": "\"Professionella idrottsut\u00f6vare.  sportarrang\u00f6rer. sportadministrat\u00f6rer\"", "accounts": [{"date_from": "2012-01-01", "date_to": "2012-12-31", "profit_margin_percent": 53.64, "net_operating_income": 837}, {"date_from": "2013-01-01", "date_to": "2013-12-31", "profit_margin_percent": 33.23, "net_operating_income": 927}, {"date_from": "2014-01-01", "date_to": "2014-12-31", "profit_margin_percent": 24.56, "net_operating_income": 1262}, {"date_from": "2015-01-01", "date_to": "2015-12-31", "profit_margin_percent": 21.63, "net_operating_income": 883}, {"date_from": "2016-01-01", "date_to": "2016-12-31", "profit_margin_percent": 44.03, "net_operating_income": 904}]}