{"orgno": 5560004433, "company_name": "Bostadsaktiebolaget Enighet", "phone_number": "0733-644144", "sni_code": 68201, "sni_text": "\"Fastighetsbolag. bost\u00e4der\"", "accounts": [{"date_from": "2012-01-01", "date_to": "2012-12-31", "profit_margin_percent": 33.98, "net_operating_income": 1451}, {"date_from": "2013-01-01", "date_to": "2013-12-31", "profit_margin_percent": 34.43, "net_operating_income": 1403}, {"date_from": "2014-01-01", "date_to": "2014-12-31", "profit_margin_percent": 25.35, "net_operating_income": 1440}, {"date_from": "2015-01-01", "date_to": "2015-12-31", "profit_margin_percent": 43.66, "net_operating_income": 1372}, {"date_from": "2016-01-01", "date_to": "2016-12-31", "profit_margin_percent": 30.86, "net_operating_income": 1374}]}