{"orgno": 5560011842, "company_name": "Voith Paper Fabrics H\u00f6gsj\u00f6 AB", "phone_number": "0151-47100", "sni_code": 13960, "sni_text": "Industri f\u00f6r andra tekniska textilier och industritextilier", "accounts": [{"date_from": "2011-10-01", "date_to": "2012-09-30", "profit_margin_percent": 7.54, "net_operating_income": 374399}, {"date_from": "2012-10-01", "date_to": "2013-09-30", "profit_margin_percent": 9.04, "net_operating_income": 314724}, {"date_from": "2013-10-01", "date_to": "2014-09-30", "profit_margin_percent": -0.11, "net_operating_income": 309943}, {"date_from": "2014-10-01", "date_to": "2015-09-30", "profit_margin_percent": 10.34, "net_operating_income": 333350}, {"date_from": "2015-10-01", "date_to": "2016-09-30", "profit_margin_percent": 13.69, "net_operating_income": 381163}]}