{"orgno": 5560005067, "company_name": "Sundsvalls Tidnings Aktiebolag", "phone_number": "060-197000", "sni_code": 64202, "sni_text": "Holdingf\u00f6retag i icke-finansiella koncerner", "accounts": [{"date_from": "2012-01-01", "date_to": "2012-12-31", "profit_margin_percent": 12.87, "net_operating_income": 161093}, {"date_from": "2013-01-01", "date_to": "2013-12-31", "profit_margin_percent": 0.0, "net_operating_income": 0}, {"date_from": "2014-01-01", "date_to": "2014-12-31", "profit_margin_percent": 99.55, "net_operating_income": 3356}, {"date_from": "2015-01-01", "date_to": "2015-12-31", "profit_margin_percent": 0.0, "net_operating_income": 0}, {"date_from": "2016-01-01", "date_to": "2016-12-31", "profit_margin_percent": 45.26, "net_operating_income": 137}]}