{"orgno": 5560011065, "company_name": "Stockholm Live AB", "phone_number": "08-7251000", "sni_code": 82300, "sni_text": "Arrang\u00f6rer av kongresser och m\u00e4ssor", "accounts": [{"date_from": "2012-01-01", "date_to": "2012-12-31", "profit_margin_percent": 6.94, "net_operating_income": 217589}, {"date_from": "2013-01-01", "date_to": "2013-12-31", "profit_margin_percent": 3.43, "net_operating_income": 282662}, {"date_from": "2014-01-01", "date_to": "2014-12-31", "profit_margin_percent": -0.9, "net_operating_income": 206538}, {"date_from": "2015-01-01", "date_to": "2015-12-31", "profit_margin_percent": 3.14, "net_operating_income": 257042}, {"date_from": "2016-01-01", "date_to": "2016-12-31", "profit_margin_percent": 8.0, "net_operating_income": 283447}]}