{"orgno": 5560013251, "company_name": "Lesj\u00f6fors Aktiebolag", "phone_number": "054-137750", "sni_code": 70100, "sni_text": "Huvudkontor", "accounts": [{"date_from": "2012-01-01", "date_to": "2012-12-31", "profit_margin_percent": -133.14, "net_operating_income": 14727}, {"date_from": "2013-01-01", "date_to": "2013-12-31", "profit_margin_percent": -134.08, "net_operating_income": 15389}, {"date_from": "2014-01-01", "date_to": "2014-12-31", "profit_margin_percent": -149.15, "net_operating_income": 14234}, {"date_from": "2015-01-01", "date_to": "2015-12-31", "profit_margin_percent": -150.61, "net_operating_income": 15162}, {"date_from": "2016-01-01", "date_to": "2016-12-31", "profit_margin_percent": -157.85, "net_operating_income": 14210}]}