{"orgno": 5560002205, "company_name": "Skalstugans Aktiebolag", "phone_number": "08-7637113", "sni_code": 68203, "sni_text": "\"Fastighetsbolag. andra lokaler\"", "accounts": [{"date_from": "2012-01-01", "date_to": "2012-12-31", "profit_margin_percent": -650.0, "net_operating_income": 104}, {"date_from": "2013-01-01", "date_to": "2013-12-31", "profit_margin_percent": -531.25, "net_operating_income": 112}, {"date_from": "2014-01-01", "date_to": "2014-12-31", "profit_margin_percent": -504.92, "net_operating_income": 122}, {"date_from": "2015-01-01", "date_to": "2015-12-31", "profit_margin_percent": -439.13, "net_operating_income": 115}, {"date_from": "2016-01-01", "date_to": "2016-12-31", "profit_margin_percent": -347.95, "net_operating_income": 146}]}