{"orgno": 5560015835, "company_name": "Luossavaara-Kiirunavaara Aktiebolag", "phone_number": "0771-76000", "sni_code": 7100, "sni_text": "J\u00e4rnmalmsgruvor", "accounts": [{"date_from": "2012-01-01", "date_to": "2012-12-31", "profit_margin_percent": 45.28, "net_operating_income": 25520000}, {"date_from": "2013-01-01", "date_to": "2013-12-31", "profit_margin_percent": 38.32, "net_operating_income": 22295000}, {"date_from": "2014-01-01", "date_to": "2014-12-31", "profit_margin_percent": 12.08, "net_operating_income": 19042000}, {"date_from": "2015-01-01", "date_to": "2015-12-31", "profit_margin_percent": 8.25, "net_operating_income": 14806000}, {"date_from": "2016-01-01", "date_to": "2016-12-31", "profit_margin_percent": 6.76, "net_operating_income": 14919000}]}