{"orgno": 5560007089, "company_name": "Kr\u00f6nleins Bryggeri Aktiebolag", "phone_number": "035-176000", "sni_code": 11050, "sni_text": "\u00d6lbryggerier", "accounts": [{"date_from": "2011-09-01", "date_to": "2012-08-31", "profit_margin_percent": 2.04, "net_operating_income": 210653}, {"date_from": "2012-09-01", "date_to": "2013-08-31", "profit_margin_percent": 2.35, "net_operating_income": 203244}, {"date_from": "2013-09-01", "date_to": "2014-08-31", "profit_margin_percent": 3.02, "net_operating_income": 203806}, {"date_from": "2014-09-01", "date_to": "2015-08-31", "profit_margin_percent": 0.95, "net_operating_income": 191175}, {"date_from": "2015-09-01", "date_to": "2016-08-31", "profit_margin_percent": 1.2, "net_operating_income": 188845}]}