{"orgno": 5560011248, "company_name": "Karlskoga Industrifastighets AB", "phone_number": "0586-30000", "sni_code": 68202, "sni_text": "\"Fastighetsbolag. industrilokaler\"", "accounts": [{"date_from": "2012-01-01", "date_to": "2012-12-31", "profit_margin_percent": 61.87, "net_operating_income": 9250}, {"date_from": "2013-01-01", "date_to": "2013-12-31", "profit_margin_percent": 25.29, "net_operating_income": 10183}, {"date_from": "2014-01-01", "date_to": "2014-12-31", "profit_margin_percent": 67.13, "net_operating_income": 10301}, {"date_from": "2015-01-01", "date_to": "2015-12-31", "profit_margin_percent": 34.83, "net_operating_income": 16099}, {"date_from": "2016-01-01", "date_to": "2016-12-31", "profit_margin_percent": 48.15, "net_operating_income": 10342}]}