{"orgno": 5560001322, "company_name": "Walla s\u00e5g- och qvarnaktiebolag", "sni_code": 46240, "sni_text": "\"Partihandel med hudar. skinn och l\u00e4der\"", "accounts": [{"date_from": "2011-01-01", "date_to": "2011-12-31", "profit_margin_percent": 0.0, "net_operating_income": 0}, {"date_from": "2012-01-01", "date_to": "2012-12-31", "profit_margin_percent": 0.0, "net_operating_income": 0}, {"date_from": "2013-01-01", "date_to": "2013-12-31", "profit_margin_percent": 0.0, "net_operating_income": 0}, {"date_from": "2014-01-01", "date_to": "2014-12-31", "profit_margin_percent": 0.0, "net_operating_income": 0}, {"date_from": "2015-01-01", "date_to": "2015-12-31", "profit_margin_percent": 0.0, "net_operating_income": 0}]}