{"orgno": 5560001975, "company_name": "Liber Aktiebolag", "phone_number": "08-6909000", "sni_code": 58110, "sni_text": "Bokf\u00f6rlag", "accounts": [{"date_from": "2012-01-01", "date_to": "2012-12-31", "profit_margin_percent": 16.55, "net_operating_income": 393302}, {"date_from": "2013-01-01", "date_to": "2013-12-31", "profit_margin_percent": 35.37, "net_operating_income": 517539}, {"date_from": "2014-01-01", "date_to": "2014-12-31", "profit_margin_percent": 17.42, "net_operating_income": 397479}, {"date_from": "2015-01-01", "date_to": "2015-12-31", "profit_margin_percent": 19.01, "net_operating_income": 383053}, {"date_from": "2016-01-01", "date_to": "2016-12-31", "profit_margin_percent": 26.93, "net_operating_income": 389321}]}