{"orgno": 5560005273, "company_name": "Arctic Paper Munkedals Aktiebolag", "phone_number": "0770-110120", "sni_code": 17122, "sni_text": "Annan tryckpappersindustri", "accounts": [{"date_from": "2012-01-01", "date_to": "2012-12-31", "profit_margin_percent": 5.17, "net_operating_income": 1226816}, {"date_from": "2013-01-01", "date_to": "2013-12-31", "profit_margin_percent": 1.52, "net_operating_income": 1169332}, {"date_from": "2014-01-01", "date_to": "2014-12-31", "profit_margin_percent": 5.39, "net_operating_income": 1217614}, {"date_from": "2015-01-01", "date_to": "2015-12-31", "profit_margin_percent": 0.63, "net_operating_income": 1302369}, {"date_from": "2016-01-01", "date_to": "2016-12-31", "profit_margin_percent": 4.93, "net_operating_income": 1336752}]}