{"orgno": 5560000365, "company_name": "Ericsson Network Technologies AB", "phone_number": "010-7190000", "sni_code": 27320, "sni_text": "Industri f\u00f6r andra elektroniska och elektriska ledningar och kablar", "accounts": [{"date_from": "2012-01-01", "date_to": "2012-12-31", "profit_margin_percent": 0.0, "net_operating_income": 0}, {"date_from": "2013-01-01", "date_to": "2013-12-31", "profit_margin_percent": 0.0, "net_operating_income": 0}, {"date_from": "2014-01-01", "date_to": "2014-12-31", "profit_margin_percent": 0.0, "net_operating_income": 0}, {"date_from": "2015-01-01", "date_to": "2015-12-31", "profit_margin_percent": 0.0, "net_operating_income": 0}, {"date_from": "2016-01-01", "date_to": "2016-12-31", "profit_margin_percent": 0.0, "net_operating_income": 0}]}